Timestamp_ms,Accel_Z_Raw,GPS_Alt,INS_Alt_Est,Kalman_Alt_Est
177,9.445125579833984,0.0,-3.6487442016601616e-05,-1.8243721008300808e-05
186,9.198522567749023,0.0,-0.0001188558118438722,-7.584725482940682e-05
197,9.787496566772461,0.0,-0.00022225117927551297,-0.00017788116455078146
207,10.24000072479248,0.0,-0.00027324689537048386,-0.00025037691688537634
217,10.38844108581543,0.0,-0.00026639850288391186,-0.0002724505786895758
227,10.407594680786133,0.0,-0.00019979064231872662,-0.00023572245216369717
237,10.589553833007812,0.0,-5.522739845276016e-05,-0.00013013689994812133
247,10.766724586486816,0.0,0.00018500830406188793,6.226257324218592e-05
258,10.611102104187012,0.0,0.0005462009314346292,0.000374988523311613
267,10.314221382141113,0.0,0.0008825641039657568,0.0006909307298660254
277,9.962273597717285,0.0,0.0012715283221054047,0.0010722812681198091
287,9.610325813293457,0.0,0.0016405251215743982,0.00145126177692413
297,9.44752025604248,0.0,0.00197327394664764,0.0018021345891952474
307,9.53849983215332,0.0,0.0022788727549362133,0.002121308405876155
317,9.770736694335938,0.0,0.0025805452326583805,0.002424944048881525
327,10.007762908935547,0.0,0.002901994001274102,0.00273650467205047
337,10.086771965026855,0.0,0.0032511199663925096,0.0030717920389175344
347,10.180145263671875,0.0,0.0036372604578781046,0.003439425267219536
357,10.295066833496094,0.0,0.0040719076327133084,0.0038498191003799353
367,10.139444351196289,0.0,0.0045394992426681414,0.004300938492774954
377,9.979032516479492,0.0,0.005023994104270924,0.004776981728553762
386,9.921571731567383,0.0,0.005469076789970386,0.0052175457591247445
397,9.6989107131958,0.0,0.005999624935455309,0.005754814806461322
407,9.50737476348877,0.0,0.006451678907699571,0.0062220000405311445
416,9.30386734008789,0.0,0.006817530737266525,0.006608350242824539
428,9.028534889221191,0.0,0.0071928022007369825,0.0070398871942710705
437,8.652645111083984,0.0,0.007380510052337628,0.007274467918872815
447,8.767566680908203,0.0,0.007484830999984721,0.007430910532474499
457,9.612719535827637,0.0,0.007569423901214578,0.007525367456912974
467,10.338163375854492,0.0,0.007706833140029884,0.007636368526935556
477,10.218452453613281,0.0,0.007885087624206519,0.007794200388431526
486,9.763554573059082,0.0,0.008041754580383276,0.00795274838439939
497,9.742006301879883,0.0,0.008225009178237888,0.008140116600990269
507,9.10993766784668,0.0,0.008321598033981295,0.00827170857334134
517,8.49941635131836,0.0,0.008287128524856538,0.008302768246650665
527,8.164227485656738,0.0,0.008088081764297454,0.008186010111808745
537,8.180987358093262,0.0,0.007726133739547696,0.007905512719154325
547,8.652645111083984,0.0,0.007248450225906337,0.007485696949958766
558,10.488997459411621,0.0,0.006805157053489648,0.0070013244312476745
568,10.953473091125488,0.0,0.006516510569496116,0.006655504292697868
577,11.75553035736084,0.0,0.006414316692848165,0.006474516436576804
588,13.086706161499023,0.0,0.006685894511375384,0.006547853532333333
599,14.281413078308105,0.0,0.007498513312377884,0.007089951842098193
608,14.777012825012207,0.0,0.008565711279296827,0.007955985789604141
618,14.798561096191406,0.0,0.010250342907714795,0.009391189363212538
628,14.815320014953613,0.0,0.012435506537628123,0.011326086992378186
638,15.119383811950684,0.0,0.01515160854873652,0.013776719812889048
648,15.440206527709961,0.0,0.018430731212615913,0.01677433215038294
658,15.557522773742676,0.0,0.022284606153869572,0.020340830952949467
668,15.907075881958008,0.0,0.026748188683319032,0.024499559688301024
678,16.120159149169922,0.0,0.031842787127685485,0.029278650175208983
688,16.03875732421875,0.0,0.03756026130447381,0.03468468648578637
698,16.077064514160156,0.0,0.04390444193267815,0.040715513888282706
708,15.808914184570312,0.0,0.050848513979339524,0.047359640225715566
717,15.717934608459473,0.0,0.05757672152461998,0.053848576419353415
729,15.483302116394043,0.0,0.067364620423088,0.06322799756544106
739,15.112200736999512,0.0,0.07605142291217795,0.07164969001768105
748,14.298172950744629,0.0,0.08423308716136924,0.07964958326236718
759,13.256694793701172,0.0,0.09464994909152975,0.08985792015750878
769,12.231976509094238,0.0,0.10436202122440329,0.0994488934649276
778,11.803414344787598,0.0,0.11326435270591725,0.10827049166547768
789,11.267112731933594,0.0,0.12432129071277608,0.11923927435205453
799,10.716446876525879,0.0,0.13446369722484577,0.12933635852029793
809,10.579977035522461,0.0,0.14468310144046773,0.13951726388414373
819,10.072406768798828,0.0,0.15492874633296955,0.14974978843820563
829,9.282320022583008,0.0,0.16512162322772966,0.15996904933183662
839,8.322244644165039,0.0,0.1751657245869063,0.170087538458805
849,7.718906402587891,0.0,0.1850007165863417,0.18002708513811103
859,7.422025203704834,0.0,0.1945969111061476,0.18974267839773168
887,7.237671852111816,0.0,0.2194495504936598,0.21560367041921605
941,4.659116744995117,0.0,0.25235966516941055,0.25602377288076383
1002,0.35434186458587646,0.0,0.2543514018997715,0.27560776157206274
1019,3.1076738834381104,0.0,0.25296950382284145,0.2751943496189759
1029,3.272873640060425,0.0,0.2515029099651239,0.2740546120792553
1039,3.555389642715454,0.0,0.24941085507167796,0.27227528770367354
1049,3.737348794937134,0.0,0.2467115350577257,0.2698796002499744
1059,3.9456443786621094,0.0,0.24342577948163965,0.2668870624549553
1069,3.7876269817352295,0.0,0.23953778660372713,0.263300188227956
1080,4.050989151000977,0.0,0.23456415412529447,0.2586749759058878
1090,4.436455726623535,0.0,0.2295053156266544,0.25388481462091655
1100,4.865017890930176,0.0,0.22395197891710736,0.24857872701682301
1110,5.521028995513916,0.0,0.2179697451071117,0.24281094175705165
1120,6.191405773162842,0.0,0.21162565187443233,0.23664777823571412
1130,6.605602264404297,0.0,0.2049611188681934,0.23014346511625497
1140,7.331045627593994,0.0,0.19804869042471387,0.22335498439139573
1150,7.953537940979004,0.0,0.19095061577533223,0.21634973284496514
1159,8.35097599029541,0.0,0.1844441676461027,0.20990237518812865
1169,8.877699851989746,0.0,0.1771215508210466,0.20262637337047307
1180,9.41639518737793,0.0,0.16901904613115765,0.19454768177174775
1189,9.907206535339355,0.0,0.16239759784152008,0.18792229661742896
1200,10.196905136108398,0.0,0.15435153212009883,0.17985282313527315
1210,10.259154319763184,0.0,0.14708184235078312,0.17256067564996927
1219,10.488997459411621,0.0,0.14059412035261132,0.16604545425469128
1230,10.769119262695312,0.0,0.1327807357856319,0.1581740429723188
1241,10.898406028747559,0.0,0.12509904834813096,0.15042650697007862
1251,10.975020408630371,0.0,0.11823219817308403,0.1435014057746002
1261,11.130643844604492,0.0,0.11149741238249755,0.13670058779178348
1271,11.57357120513916,0.0,0.104938983712425,0.13005398056145395
1282,12.406753540039062,0.0,0.0980389193536899,0.1229968126135465
1291,12.945448875427246,0.0,0.09264738350999807,0.11747829109039988
1301,13.601459503173828,0.0,0.08703593407843564,0.11167726868367876
1311,14.18803882598877,0.0,0.0818622885294721,0.10628472119341577
1321,14.915876388549805,0.0,0.07719923061936353,0.10136636946387971
1331,15.466543197631836,0.0,0.07310182702901814,0.09698613871365273
1341,16.074670791625977,0.0,0.06963089051783536,0.09320196866288864
1351,16.4625301361084,0.0,0.06682520702026341,0.09006365865851128
1361,16.924612045288086,0.0,0.06473098472722028,0.08761370576320374
1371,17.55428695678711,0.0,0.06341119112985584,0.08590669781799995
1381,18.243816375732422,0.0,0.06293477917006465,0.08500859503942214
1391,19.057846069335938,0.0,0.06338315181720706,0.08499457538309775
1401,19.612701416015625,0.0,0.06481179460595103,0.08593308310104095
1411,19.612701416015625,0.0,0.06722070753629657,0.0878518609605857
1421,19.612701416015625,0.0,0.07060989060824366,0.09075090896173202
1431,19.031509399414062,0.0,0.07492122462013216,0.09460116750364982
1441,17.616535186767578,0.0,0.08001321215069743,0.0993028282748767
1451,16.10818862915039,0.0,0.08573501854417773,0.10470972523689949
1461,14.777012825012207,0.0,0.09195352622015925,0.1106798822716304
1471,13.70201587677002,0.0,0.09856123548381776,0.11709299074145042
1481,12.713211059570312,0.0,0.1054592658534333,0.12384586055808745
1490,12.083536148071289,0.0,0.11185164961408108,0.13014616610473834
1501,11.66694450378418,0.0,0.11988925338427513,0.13807142473245343
1511,10.967838287353516,0.0,0.1273119497313687,0.14543622916517931
1520,10.1753568649292,0.0,0.13402197034981217,0.15213145283059318
1530,9.485827445983887,0.0,0.14144513155934776,0.1595708226678296
1541,8.911218643188477,0.0,0.14950185634566274,0.16768192372623164
1551,8.305485725402832,0.0,0.15667570017848934,0.1749309932727881
1561,7.9176249504089355,0.0,0.16366030650635685,0.18201021835313516
1571,7.5848307609558105,0.0,0.17042239591031993,0.18888356621905047
1582,7.46033239364624,0.0,0.1775763844743105,0.19617970967322546
1592,7.240066051483154,0.0,0.183823017046723,0.20255483894306378
1602,6.983886241912842,0.0,0.18978703824332677,0.2086601658275719
1612,6.9024834632873535,0.0,0.19546030778625928,0.21447881119734005
1623,6.852205276489258,0.0,0.20134301112194022,0.2205404611137934
1632,6.936002254486084,0.0,0.2059233382155653,0.2252371851161118
1642,6.9455790519714355,0.0,0.2107261484470125,0.23018321639496045
1652,6.53377628326416,0.0,0.21520133630678615,0.23482221544057086
1662,6.232107162475586,0.0,0.21931873488280734,0.23911850865846826
1672,6.028599739074707,0.0,0.223057993432736,0.24304683722144318
1682,6.1985883712768555,0.0,0.22643611081979234,0.24660552518993567
1692,6.564900875091553,0.0,0.22948971829435785,0.2498213876207466
1702,6.780379295349121,0.0,0.23224036369845827,0.25272351406007953
1712,6.694188117980957,0.0,0.23467942791435678,0.25531836887007897
1722,6.399701118469238,0.0,0.23677746224210222,0.25758691814190093
1732,5.966350555419922,0.0,0.23849113162538965,0.2594927699974173
1742,5.56173038482666,0.0,0.23977997404715976,0.2609940258999461
1753,5.07570743560791,0.0,0.2406248513108154,0.2621253278637475
1763,4.831499099731445,0.0,0.2408950714604755,0.262644473058421
1773,4.687847137451172,0.0,0.24065307632388072,0.26265858556495364
1783,4.299986362457275,0.0,0.23986007982353166,0.2621410897464817
1794,4.019864559173584,0.0,0.23828717728480772,0.2609184904019277
1803,3.646369218826294,0.0,0.2365010029325767,0.2593819430963342
1813,3.162740468978882,0.0,0.233851638810329,0.2570649419506376
1823,2.7724854946136475,0.0,0.23049852323754266,0.2540637021031206
1833,2.2194249629974365,0.0,0.22638635016105607,0.25033105777848413
1843,1.6352397203445435,0.0,0.22145670105660392,0.24581014668801476
1852,1.6376339197158813,0.0,0.216358055210094,0.24104248166775633
1874,2.2816741466522217,0.0,0.2002509889833827,0.2267572702975552
1924,5.370194435119629,0.0,0.15254450637411066,0.18460054464438364
1985,8.966285705566406,0.0,0.09120313670121136,0.12482890541627804
2014,16.364368438720703,0.0,0.06755307005794466,0.0984227268445293
2024,17.106571197509766,0.0,0.060127531783465735,0.09063236001017488
2033,17.587804794311523,0.0,0.05407454952477394,0.08426437665731347
2044,17.87271499633789,0.0,0.04765204861204085,0.07735408148730195
2054,18.294095993041992,0.0,0.04266182101795134,0.07193964909356035
2063,18.681955337524414,0.0,0.03888924456561025,0.06780775845004952
2074,19.14643096923828,0.0,0.03540802593780453,0.06376168574860488
2083,19.582176208496094,0.0,0.033351302424306215,0.06130918909866248
2094,19.612701416015625,0.0,0.032023656112479496,0.05938847935116682
2103,19.612701416015625,0.0,0.03173141885386399,0.05869923268520268
2114,19.612701416015625,0.0,0.032560366853560715,0.05893511724923046
2124,19.612701416015625,0.0,0.03429422608579566,0.060178841410664624
2135,19.476831436157227,0.0,0.037371157845029125,0.06267092986801058
2143,18.727445602416992,0.0,0.040179642915753606,0.06519405667945773
2154,17.61893081665039,0.0,0.04498619051681446,0.06952816396611124
2164,16.1656494140625,0.0,0.049991344186457856,0.07421553516505151
2174,14.846445083618164,0.0,0.055500142364463066,0.07947251108887582
2184,12.835315704345703,0.0,0.061311472112902846,0.08513257505209831
2194,14.13057804107666,0.0,0.06755485966545029,0.09115993370259193
2204,14.319720268249512,0.0,0.07424921924482268,0.09762880726855185
2214,13.254301071166992,0.0,0.08128800893131177,0.1044953819014826
2224,12.162544250488281,0.0,0.0885620530428497,0.1116517988004961
2234,11.183316230773926,0.0,0.09597342877746501,0.11899450872357271
2244,10.235212326049805,0.0,0.1034273257446853,0.12642714507449052
2253,9.600749015808105,0.0,0.11011888368546402,0.13312717768012902
2264,9.239224433898926,0.0,0.11822839065847311,0.14127121657488723
2275,8.87291145324707,0.0,0.12622450991732512,0.1493240296908178
2285,8.774748802185059,0.0,0.1333901841237727,0.1565414664571561
2294,8.705317497253418,0.0,0.13974981162685307,0.1629458336015977
2306,8.367734909057617,0.0,0.14802162879119785,0.17132149385249032
2315,8.054094314575195,0.0,0.154083263303937,0.1774542425454892
2325,7.888894557952881,0.0,0.16062630221833138,0.1840933367319859
2335,7.508216381072998,0.0,0.16693916277083304,0.19052128646543393
2345,6.900089263916016,0.0,0.1729610322497263,0.19668865148113138
2355,6.560112476348877,0.0,0.17865791297625447,0.2025480265838421
2364,6.208165168762207,0.0,0.18349335700879954,0.20752934492705233
2375,6.196194171905518,0.0,0.18896607365448853,0.21322069682534103
2385,5.980715751647949,0.0,0.19355834218027967,0.2180044295635498
2395,6.028599739074707,0.0,0.1977724706799783,0.22240762807629466
2405,5.942408561706543,0.0,0.20159984003584758,0.2264283770040786
2415,5.918466567993164,0.0,0.20503805604851616,0.23006116968834756
2425,6.045359134674072,0.0,0.20809980797465216,0.23331115365774985
2435,6.2392897605896,0.0,0.21080448887684713,0.23619437007191532
2444,6.66785192489624,0.0,0.2129841876947392,0.2385013258868491
2454,7.271190643310547,0.0,0.2151521943345059,0.24079627299445025
2465,7.316680431365967,0.0,0.21723530997044452,0.24303023446429126
2476,7.022193431854248,0.0,0.2189811010116375,0.24494468780285708
2485,6.955155849456787,0.0,0.2201782331236923,0.2462574411030089
2495,6.993463039398193,0.0,0.22122672621880415,0.24744676104615082
2505,7.189787864685059,0.0,0.2220131981003845,0.24836424353449693
2515,7.841010570526123,0.0,0.22260277103901746,0.24905226594460358
2525,8.458714485168457,0.0,0.22305721542616727,0.24957427460749496
2535,8.561665534973145,0.0,0.2233868263668144,0.2499663022713934
2545,8.801085472106934,0.0,0.2236155458546722,0.25024546748564586
2555,8.942343711853027,0.0,0.2237574997137153,0.2504308041590963
2565,9.251194953918457,0.0,0.22384357306815025,0.2505448177658353
2575,9.677363395690918,0.0,0.2239163827621543,0.25062425929005483
2584,9.84495735168457,0.0,0.2239847430322444,0.2506912037874017
2595,9.749189376831055,0.0,0.22406093638806215,0.2507710761859212
2606,9.38048267364502,0.0,0.22408515814739097,0.2508212837434945
2616,9.35893440246582,0.0,0.22406207136884557,0.2508207502448258
2626,9.346963882446289,0.0,0.2239926809785448,0.2507745116604027
2636,9.409213066101074,0.0,0.22388321189485413,0.25068508192340705
2647,9.105149269104004,0.0,0.22367750896435598,0.2505220224621281
2656,8.686163902282715,0.0,0.22341817584276058,0.25030820470249027
2666,8.35097599029541,0.0,0.22298412552890634,0.24994710558912125
2676,8.169015884399414,0.0,0.22238597680349204,0.24943100606948698
2686,7.99184513092041,0.0,0.2216060125911698,0.2487419496006187
2696,7.862558364868164,0.0,0.22063130421533436,0.2478646133065399
2706,7.826645374298096,0.0,0.21945826037692873,0.24679073719941935
2716,7.568071365356445,0.0,0.21806102367505875,0.24550559692928153
2726,7.5417351722717285,0.0,0.21643696049041594,0.24399494698602514
2736,7.304709434509277,0.0,0.21456236824922406,0.24224561927310778
2746,6.730101108551025,0.0,0.21237978611888728,0.24021703208734346
2756,6.172252178192139,0.0,0.20983342920636971,0.23785256256591628
2766,5.327098846435547,0.0,0.20683878217849572,0.23508206059572048
2777,4.19224739074707,0.0,0.2028649223821147,0.23144807483219926
2787,2.7078421115875244,0.0,0.19854210677838163,0.2274803671228868
2797,1.235408067703247,0.0,0.19336183198141887,0.2227288219225389
2807,-0.021547814831137657,0.0,0.187198402402973,0.2170569697348346
2818,-2.4013843536376953,0.0,0.17894105235989238,0.20953840844514907
2827,-3.2417490482330322,0.0,0.1711278470153741,0.20225379893708423
2836,-2.717418909072876,0.0,0.1622999207392209,0.19393323312674848
2846,-2.1380221843719482,0.0,0.15129631154728015,0.18352702504402632
2866,-1.4245500564575195,0.0,0.12479527314081566,0.15927289664885333
2913,2.1475989818573,0.0,0.04559158903654689,0.08853233446912316
2974,2.4899697303771973,0.0,-0.08444251445545137,-0.027882852706241867
3008,13.654131889343262,0.0,-0.1524767228885499,-0.09813896937138082
3012,15.40668773651123,0.0,-0.16039120040630672,-0.10609822039102973
3023,17.6763916015625,0.0,-0.18120418019634893,-0.12738711687296647
3033,18.04749298095703,0.0,-0.1993013216164734,-0.14589613294213882
3043,18.588581085205078,0.0,-0.21652060492807737,-0.16355434530800303
3053,19.14882469177246,0.0,-0.2328060057705041,-0.18030668738501837
3063,19.31641960144043,0.0,-0.24814076465278678,-0.1961167672473731
3073,19.612701416015625,0.0,-0.2624952533934679,-0.210961391058855
3082,19.612701416015625,0.0,-0.27462027444538367,-0.2234834215181194
3092,19.612701416015625,0.0,-0.28711224991702183,-0.23646553206055834
3102,19.612701416015625,0.0,-0.2986239552470584,-0.24846737246139572
3112,19.612701416015625,0.0,-0.30915539043549345,-0.25948894272063155
3122,19.612701416015625,0.0,-0.3187065554823269,-0.2695302428382658
3132,19.612701416015625,0.0,-0.3272774503875588,-0.2785912728142985
3143,19.612701416015625,0.0,-0.335519307911976,-0.28742619377438466
3152,19.612701416015625,0.0,-0.34146862707180187,-0.29377252234155915
3162,19.612701416015625,0.0,-0.3470987115522291,-0.2998927418927872
3172,19.612701416015625,0.0,-0.35174852589105476,-0.30503269130241367
3182,19.612701416015625,0.0,-0.35541807008827886,-0.3091923705704386
3192,19.612701416015625,0.0,-0.3581073441439014,-0.3123717796968619
3202,19.612701416015625,0.0,-0.35981634805792234,-0.3145709186816837
3212,18.792089462280273,0.0,-0.3606271430257153,-0.3158308181225906
3222,17.410634994506836,0.0,-0.3606778744940576,-0.31626158134065824
3232,16.52717399597168,0.0,-0.36005688856280266,-0.31597645410920194
3243,15.468936920166016,0.0,-0.3586890726710822,-0.31495100390115155
3252,14.18564510345459,0.0,-0.35721552332447654,-0.3136546681812358
3263,13.002909660339355,0.0,-0.35502817649861296,-0.31166049238982274
3272,11.961431503295898,0.0,-0.35306426314386674,-0.30978371201096
3283,10.668562889099121,0.0,-0.3505600384895959,-0.30733143041147964
3293,9.461885452270508,0.0,-0.3483182820768499,-0.30507226827134715
3302,7.680599212646484,0.0,-0.3464731827691541,-0.3031409282317636
3312,6.308721542358398,0.0,-0.3447732002730341,-0.3012658818127615
3323,5.20978307723999,0.0,-0.34345984577495603,-0.29967421419085644
3333,4.268861770629883,0.0,-0.34282000096327664,-0.29875731246770854
3343,3.4308910369873047,0.0,-0.3428180670478985,-0.2984364231041798
3352,2.964021682739258,0.0,-0.3433708507677563,-0.29871194470218854
3362,2.604891538619995,0.0,-0.3447055657470696,-0.29968640425843285
3373,2.3558945655822754,0.0,-0.34707569898187884,-0.30160556411445977
3383,1.8411411046981812,0.0,-0.3500272514485083,-0.30415867363632415
3394,1.2401964664459229,0.0,-0.3543109053893608,-0.30792385446339654
3404,0.9552865028381348,0.0,-0.35909060759439737,-0.31226082099357505
3415,1.139639973640442,0.0,-0.3653973935831271,-0.31804305020071005
3423,0.7445967197418213,0.0,-0.37056433283941254,-0.32291989655202724
3434,1.0797849893569946,0.0,-0.3787252303330928,-0.33055261603756364
3444,1.290474772453308,0.0,-0.386996180577375,-0.33839759002046854
3454,1.2545616626739502,0.0,-0.3961226746553898,-0.3470963121816171
3464,1.4317326545715332,0.0,-0.40608699546794746,-0.3566417196269033
3474,1.280897855758667,0.0,-0.41690422649492925,-0.367032495546673
3484,0.8882488012313843,0.0,-0.4286136326417879,-0.3782958141335932
3494,0.8092401623725891,0.0,-0.44122311477240933,-0.39045525827233324
3504,0.6488286852836609,0.0,-0.45474871403450234,-0.4035227989686905
3514,0.9217676520347595,0.0,-0.4691631365313919,-0.41749280984818177
3523,1.6208745241165161,0.0,-0.4827994359421391,-0.43079744967715566
3533,2.1930887699127197,0.0,-0.49871257085486687,-0.4463297390283791
3545,2.96162748336792,0.0,-0.5187944983925352,-0.46591858374484996
3555,3.471592426300049,0.0,-0.5361632787646289,-0.48297044373825854
3564,3.466804027557373,0.0,-0.552308979973281,-0.49885924551002675
3575,3.6774938106536865,0.0,-0.5727846480327667,-0.5189638969450571
3585,3.818751811981201,0.0,-0.5919980165420102,-0.5378777030448996
3594,4.084507942199707,0.0,-0.6097538130570112,-0.5554016171315596
3604,4.592078685760498,0.0,-0.6300042679828806,-0.5753911759917171
3615,5.6670756340026855,0.0,-0.6527810622496226,-0.5979173233343162
3625,7.12035608291626,0.0,-0.6737562032474601,-0.6187579821362996
3635,7.6351094245910645,0.0,-0.6949488333028385,-0.6398418676629075
3644,8.501810073852539,0.0,-0.714128163736697,-0.658968216404757
3655,8.705317497253418,0.0,-0.7377032341831341,-0.682476453559778
3664,8.49941635131836,0.0,-0.7570980854603078,-0.70181822619918
3674,8.068459510803223,0.0,-0.7788220742616426,-0.723455137976055
3684,7.347805023193359,0.0,-0.800792282560658,-0.7453022365262302
3694,6.957550048828125,0.0,-0.8230477358547907,-0.7674150673228042
3704,7.194576263427734,0.0,-0.8455647315225806,-0.7898012918037655
3715,7.7643961906433105,0.0,-0.8705809448180817,-0.8146937460688004
3724,8.724471092224121,0.0,-0.8911366835377488,-0.8352055208677025
3734,9.643844604492188,0.0,-0.9139930087658185,-0.8580535383259967
3744,10.338163375854492,0.0,-0.9367965176563028,-0.8808834553852737
3755,10.647014617919922,0.0,-0.9617790986670672,-0.9059166757804222
3765,10.668562889099121,0.0,-0.9844046796606704,-0.9285851849184804
3775,10.687716484069824,0.0,-1.0069424890058665,-0.9511668800878801
3785,10.467450141906738,0.0,-1.029414553336872,-0.9736718169259809
3794,10.642226219177246,0.0,-1.0495720009110237,-0.9938629696620092
3805,11.05642318725586,0.0,-1.0740580640737731,-1.0184244414275878
3814,11.829751014709473,0.0,-1.093928515920195,-1.0383766931901053
3824,13.0914945602417,0.0,-1.1156786462935284,-1.0602908982914507
3834,13.706804275512695,0.0,-1.1370390962393107,-1.0818461884510084
3844,14.12818431854248,0.0,-1.1579677277532385,-1.1029907291808636
3885,14.571111679077148,0.0,-1.2357716882278142,-1.1847964040217036
3946,15.387534141540527,0.0,-1.33077479561273,-1.2901765136769556
4000,19.612701416015625,0.0,-1.3862912297391277,-1.359985286467904
4004,19.612701416015625,0.0,-1.3902467149702786,-1.3640191933103831
4014,19.612701416015625,0.0,-1.3991551579065544,-1.3734177713174598
4024,19.612701416015625,0.0,-1.4070833307012287,-1.3818360791829347
4034,19.612701416015625,0.0,-1.4140312333543015,-1.3892741169068081
4044,19.19910430908203,0.0,-1.4200402255764661,-1.3957525643444268
4054,18.308460235595703,0.0,-1.425199371775071,-1.4013366335548116
4064,17.288530349731445,0.0,-1.4296106649387028,-1.40612185323593
4074,16.194379806518555,0.0,-1.433383520121683,-1.410213927409236
4084,15.06671142578125,0.0,-1.4366307041620847,-1.413723947020927
4094,13.807361602783203,0.0,-1.4394781520422082,-1.4167712629811897
4104,12.844892501831055,0.0,-1.4420221106721487,-1.4194669662362216
4114,11.892000198364258,0.0,-1.4443578692822527,-1.4219068248562439
4124,11.02051067352295,0.0,-1.4465725768250044,-1.4241820579326718
4134,10.821791648864746,0.0,-1.4486861052028697,-1.4263461758929803
4144,10.321403503417969,0.0,-1.4507484932303931,-1.4284341340956748
4154,9.672574996948242,0.0,-1.4528246237582219,-1.4305033933733509
4163,9.14345645904541,0.0,-1.454747131260085,-1.4323989058618052
4174,8.667010307312012,0.0,-1.4572351644040662,-1.4348177881293789
4185,8.377311706542969,0.0,-1.4598965528315557,-1.4373924989151141
4195,7.872135162353516,0.0,-1.462509783340311,-1.439908836181987
4205,7.577648162841797,0.0,-1.4653462490327818,-1.4426336842826
4215,7.240066051483154,0.0,-1.4684397081201044,-1.4455986466724966
4226,7.405265808105469,0.0,-1.4721334859533786,-1.449146938087161
4235,7.340622425079346,0.0,-1.4753556874005351,-1.4522691297425334
4245,7.378929615020752,0.0,-1.479179018269207,-1.4559709070919562
4255,7.163451671600342,0.0,-1.4832670039707188,-1.4599265653770481
4265,7.161057472229004,0.0,-1.4876198839250077,-1.4641469982049484
4275,7.089231014251709,0.0,-1.4922448407778715,-1.4686359166085248
4285,7.393294811248779,0.0,-1.4971114681496103,-1.473381708720826
4294,7.42681360244751,0.0,-1.5016844708823769,-1.477858192404492
4305,7.386112213134766,0.0,-1.507566986866858,-1.483594063177868
4314,7.42681360244751,0.0,-1.5125729925887261,-1.4885035498506352
4325,7.592013359069824,0.0,-1.5189598204101176,-1.4947561894802501
4335,7.2113356590271,0.0,-1.5250258939545707,-1.5006923298076544
4345,6.739677906036377,0.0,-1.53139899970842,-1.5069119194568057
4355,6.1985883712768555,0.0,-1.5381332466251418,-1.5134655957920913
4364,5.406107425689697,0.0,-1.5445507841487105,-1.5197047756664004
4374,4.896142482757568,0.0,-1.5521727671488443,-1.5270810657906722
4384,4.211400985717773,0.0,-1.5603546100504064,-1.5349829787415201
4395,3.6942532062530518,0.0,-1.5700946426041682,-1.54435300861426
4405,3.406949043273926,0.0,-1.5795895227487151,-1.5535277362109707
4414,2.8131868839263916,0.0,-1.5887016567412093,-1.5623564992722638
4424,2.4660277366638184,0.0,-1.5995606472925366,-1.5728482912104242
4435,2.209848165512085,0.0,-1.6124251552709694,-1.5852529900028705
4445,2.1978771686553955,0.0,-1.6248813748072246,-1.5973286033975584
4455,2.4013843536376953,0.0,-1.638078455908116,-1.6101552537161319
4465,2.5115175247192383,0.0,-1.6520053852565357,-1.6237172589407873
4475,2.322375535964966,0.0,-1.666681077051359,-1.6380185695124088
4485,2.032677173614502,0.0,-1.6821345011288207,-1.6530831274485511
4495,1.7046716213226318,0.0,-1.69839845804415,-1.6689418179449467
4505,1.5753847360610962,0.0,-1.7154858764858734,-1.685617505623473
4515,1.5514427423477173,0.0,-1.733399150653362,-1.703117851928079
4526,1.9057846069335938,0.0,-1.7540601623001604,-1.723300658543597
4535,2.782062292098999,0.0,-1.7715338893291537,-1.7404897540954203
4545,3.6343982219696045,0.0,-1.7915667017613937,-1.7602137864387586
4555,4.486733913421631,0.0,-1.8121318408022915,-1.7805127621753274
4567,5.018246650695801,0.0,-1.8375000201336686,-1.8055359352655547
4576,5.552153587341309,0.0,-1.8568710401916269,-1.8247345125438004
4586,5.760449409484863,0.0,-1.878799350870632,-1.8464603456932798
4596,6.121973514556885,0.0,-1.9010964641981813,-1.8685730576965571
4606,6.172252178192139,0.0,-1.9237573523079115,-1.8910520584151969
4616,5.899312973022461,0.0,-1.9468093091203393,-1.9139084808762759
4625,6.078877925872803,0.0,-1.9678582911395288,-1.9348063524514632
4636,6.562506675720215,0.0,-1.993977771410776,-1.9607293593765913
4646,6.931213855743408,0.0,-2.018010632089972,-1.9846182807485744
4655,7.266402244567871,0.0,-2.039846238119438,-2.0063508710689457
4665,7.817068576812744,0.0,-2.0643073157389416,-2.0307123021172897
4675,8.111555099487305,0.0,-2.088938237848496,-2.0552583019818185
4685,8.585607528686523,0.0,-2.113691599205182,-2.0799504437149388
4696,9.198522567749023,0.0,-2.140994285466839,-2.1072161355919445
4706,9.758766174316406,0.0,-2.165820032723641,-2.132039321157462
4716,10.958261489868164,0.0,-2.1905309538314564,-2.156807655339771
4727,11.6430025100708,0.0,-2.2174911737463345,-2.1838787719065085
4738,12.014103889465332,0.0,-2.244184697090587,-2.210705643536074
4746,12.315773963928223,0.0,-2.263437799079989,-2.2300389302923214
4757,12.57913589477539,0.0,-2.2895757488721484,-2.256344412806115
4767,12.622231483459473,0.0,-2.313056298262129,-2.2799655737702684
4776,13.251906394958496,0.0,-2.33390999829512,-2.300958671012255
4787,14.355633735656738,0.0,-2.3588478322089834,-2.3261715157671254
4797,15.832856178283691,0.0,-2.3809163046946673,-2.3485411310617232
4806,17.946935653686523,0.0,-2.4001188381438343,-2.3680732104048645
4817,19.534292221069336,0.0,-2.422411961889622,-2.3909546538300273
4826,19.612701416015625,0.0,-2.439857771594206,-2.4087974729419597
4836,19.612701416015625,0.0,-2.458261734457697,-2.427691570876252
4861,19.612701416015625,0.0,-2.498144953231416,-2.470638133842476
4914,19.337966918945312,0.0,-2.5559333179563826,-2.5418085281051015
4974,14.844050407409668,0.0,-2.6032315267443873,-2.5981680276264436
4998,7.352593421936035,0.0,-2.623566276448554,-2.6177950442361277
5008,6.287173748016357,0.0,-2.6323913714504887,-2.626443997925463
5018,5.377377033233643,0.0,-2.6416597287491,-2.6354907240757357
5027,4.707000732421875,0.0,-2.6504145932585237,-2.644038917114823
5038,3.912125587463379,0.0,-2.661828626018403,-2.655096128472744
5048,3.1675288677215576,0.0,-2.672869266549703,-2.6658046454474302
5058,2.631227731704712,0.0,-2.6846277843078328,-2.677204224592145
5068,2.169146776199341,0.0,-2.6971503873883425,-2.689344785011465
5079,1.7310078144073486,0.0,-2.71190280883136,-2.7036084274272536
5088,1.3623007535934448,0.0,-2.7246572354691514,-2.7160207222455655
5098,0.9888052940368652,0.0,-2.739710940092849,-2.7306333671339647
5107,0.6033388376235962,0.0,-2.7540050138083294,-2.744554571072369
5118,0.4405331015586853,0.0,-2.7726092538441836,-2.7625919583608676
5128,0.24660277366638184,0.0,-2.7904785390539573,-2.7799830737093245
5138,-0.004788403399288654,0.0,-2.8093293031040707,-2.7983430983392683
5148,-0.16519992053508759,0.0,-2.8291775871462375,-2.8176926223854086
5158,-0.4812345504760742,0.0,-2.850054994643452,-2.8380554681550993
5168,-0.7398083209991455,0.0,-2.8719873829727667,-2.859460366068364
5177,-0.8236053586006165,0.0,-2.8925878545031964,-2.8796301765817707
5188,-0.8690952062606812,0.0,-2.9190583791159015,-2.905454615934497
5198,-0.7637503147125244,0.0,-2.9441798674316497,-2.9300474167345096
5208,-0.5554547905921936,0.0,-2.9703379012264572,-2.9556871777897875
5219,-0.3064578175544739,0.0,-3.00033582979667,-2.985073060662038
5229,0.2992752194404602,0.0,-3.028557746429464,-3.0128194410558047
5238,1.2306196689605713,0.0,-3.0546524012057934,-3.038566630928727
5250,2.032677173614502,0.0,-3.0905652087278987,-3.0739194712073328
5259,2.609679937362671,0.0,-3.118083040294551,-3.1011456898114487
5268,3.93367338180542,0.0,-3.1460768543172777,-3.128901512606138
5279,5.47075080871582,0.0,-3.1808165650527553,-3.1633786987655426
5288,6.708553314208984,0.0,-3.209491181926968,-3.1919277070489804
5299,7.922413349151611,0.0,-3.2447663338690917,-3.227088659998728
5308,9.794678688049316,0.0,-3.2736290628480065,-3.255950768464509
5319,10.898406028747559,0.0,-3.3087740344705345,-3.2911615886517764
5328,11.458649635314941,0.0,-3.3373954706321425,-3.319849795123615
5339,11.777078628540039,0.0,-3.372139209426721,-3.3547125421752204
5349,11.683704376220703,0.0,-3.4035370560750797,-3.3862040740423898
5359,12.164938926696777,0.0,-3.4346994088307685,-3.4174841737444135
5368,13.148955345153809,0.0,-3.462475070927931,-3.445395063533055
5378,14.748282432556152,0.0,-3.4928430894593006,-3.4760099961860518
5388,15.629348754882812,0.0,-3.5226291731151815,-3.506087047279677
5399,14.925453186035156,0.0,-3.5547748953011404,-3.5385422543833913
5409,12.923900604248047,0.0,-3.583686889046133,-3.567609943158596
5419,10.402806282043457,0.0,-3.612539602162921,-3.5964922965894863
5428,7.951143741607666,0.0,-3.63865761132496,-3.6225350220730608
5439,4.809951305389404,0.0,-3.6711846284150553,-3.6547595362171323
5448,2.410961151123047,0.0,-3.69839696454462,-3.6816722112733173
5458,1.580173134803772,0.0,-3.729455876263989,-3.712319631649427
5468,2.9233202934265137,0.0,-3.7612034559540155,-3.743722877354125
5478,4.955997467041016,0.0,-3.793436435897338,-3.775713157170799
5488,5.566518783569336,0.0,-3.8260937639623034,-3.8081583111749433
5498,5.784391403198242,0.0,-3.859153652886949,-3.8410169196697486
5509,5.363011837005615,0.0,-3.8960576162717815,-3.87765184027072
5519,4.596867084503174,0.0,-3.930127987185906,-3.91146155453907
5528,4.23773717880249,0.0,-3.9612426742971354,-3.9423505650060404
5538,5.0014872550964355,0.0,-3.9962954001396582,-3.977162865211318
5550,7.266402244567871,0.0,-4.0387249492274675,-4.019409275260736
5559,10.02691650390625,0.0,-4.0705295408065085,-4.051222651958186
5569,13.189657211303711,0.0,-4.105530010173202,-4.086392104185444
5579,16.84320831298828,0.0,-4.139827158708596,-4.121040913136488
5591,18.95728874206543,0.0,-4.179666527372211,-4.161538886589532
5599,19.612701416015625,0.0,-4.205598733590663,-4.187784779253296
5609,19.333179473876953,0.0,-4.23706167341634,-4.219723878052667
5619,18.737022399902344,0.0,-4.267631911002027,-4.250740466758349
5629,18.133684158325195,0.0,-4.2973697801718815,-4.28089452013612
5639,17.144878387451172,0.0,-4.326374161502991,-4.310265645386601
5650,15.533580780029297,0.0,-4.357586427692827,-4.3418241882136295
5660,13.773842811584473,0.0,-4.385564830856975,-4.370000783518356
5670,11.851298332214355,0.0,-4.413339104187901,-4.397877121765893
5679,10.462661743164062,0.0,-4.438283084584538,-4.422847534963128
5689,8.959102630615234,0.0,-4.466083708095518,-4.450605613605639
5700,7.817068576812744,0.0,-4.496905538659801,-4.481306871818819
5710,7.1921820640563965,0.0,-4.525187166420926,-4.509457608683146
5721,6.291962146759033,0.0,-4.556722639538405,-4.540780240510505
5731,6.457161903381348,0.0,-4.585726535273048,-4.569616494340317
5741,6.799532890319824,0.0,-4.615031477718659,-4.598770913430444
5751,7.146692276000977,0.0,-4.644602750936671,-4.628209021262255
5762,7.1251444816589355,0.0,-4.677456018994202,-4.660899855560927
5771,6.761225700378418,0.0,-4.7045829163049975,-4.687903277512587
5780,6.339846134185791,0.0,-4.731990896078924,-4.715170716054947
5791,5.841852188110352,0.0,-4.765969683910072,-4.748909430943477
5801,5.355829238891602,0.0,-4.797304908105408,-4.780021946600758
5811,5.2049946784973145,0.0,-4.829100632832895,-4.811587421062169
5820,6.007051944732666,0.0,-4.858024823880109,-4.840357592713146
5830,7.845798969268799,0.0,-4.890359234035643,-4.872593792817144
5853,9.708487510681152,0.0,-4.964782077500221,-4.946989786228297
5903,11.080365180969238,0.0,-5.123394954688185,-5.107190619892472
5964,10.630255699157715,0.0,-5.313850493400935,-5.299172244333504
5992,12.143390655517578,0.0,-5.399443329618107,-5.3856797696876395
6002,11.985373497009277,0.0,-5.429794662345968,-5.41613987109035
6012,11.535264015197754,0.0,-5.459973468672309,-5.446404940617451
6022,11.142614364624023,0.0,-5.490019013562187,-5.476517116225561
6032,10.697293281555176,0.0,-5.5199758291239105,-5.506518296451362
6041,10.108319282531738,0.0,-5.546912799267576,-5.53346734852597
6051,9.84495735168457,0.0,-5.576839270358703,-5.563395567484681
6061,9.459490776062012,0.0,-5.606800792372224,-5.593339564037005
6071,8.755595207214355,0.0,-5.636867754865023,-5.623353806290165
6081,7.7213006019592285,0.0,-5.667143587297626,-5.653525203752866
6091,6.84981107711792,0.0,-5.6977154386225175,-5.683949045631613
6103,6.45476770401001,0.0,-5.73488481366301,-5.720876843946794
6112,6.224924564361572,0.0,-5.763052236053666,-5.748899070782306
6122,6.44279670715332,0.0,-5.794686092372568,-5.780364566936566
6132,7.06528902053833,0.0,-5.826594419789417,-5.812135658804441
6142,8.209717750549316,0.0,-5.85866277543121,-5.844124000333762
6151,8.683769226074219,0.0,-5.8876155202015115,-5.8730311327577205
6162,9.05487060546875,0.0,-5.923093578910842,-5.908463506138681
6172,9.17936897277832,0.0,-5.955409422658409,-5.940747818334888
6181,8.585607528686523,0.0,-5.984592857821396,-5.969881665602786
6192,7.843404769897461,0.0,-6.020499458821223,-6.005669287591191
6202,6.981492042541504,0.0,-6.053424674162265,-6.038453077534361
6212,6.064512729644775,0.0,-6.086724438230344,-6.071565567238921
6222,5.480327606201172,0.0,-6.120457169537802,-6.10508181492669
6232,5.588066577911377,0.0,-6.154612094187469,-6.139025642905252
6243,6.557718276977539,0.0,-6.192576037390588,-6.176792823064129
6253,7.524975776672363,0.0,-6.22731721545212,-6.211419749914494
6262,8.473079681396484,0.0,-6.258692566253306,-6.242740955442777
6274,8.916007041931152,0.0,-6.300655102307516,-6.284639124004006
6283,8.868123054504395,0.0,-6.332203296380759,-6.316149172060955
6293,8.429984092712402,0.0,-6.367394846941757,-6.351271721826589
6303,7.967903137207031,0.0,-6.4027706071890345,-6.386555377230727
6313,7.778761386871338,0.0,-6.4383494912976245,-6.422032699408661
6322,7.747636795043945,0.0,-6.470537538414957,-6.454137220816194
6333,8.166622161865234,0.0,-6.510077333610112,-6.493577591652141
6343,9.129091262817383,0.0,-6.5460906928430616,-6.529556905448231
6352,9.911994934082031,0.0,-6.578494454563056,-6.561964797963055
6362,10.287884712219238,0.0,-6.614450845780716,-6.5979450834163265
6372,10.520122528076172,0.0,-6.650336224745569,-6.633865968507584
6383,10.18493366241455,0.0,-6.689764774633755,-6.6733172018823455
6393,9.409213066101074,0.0,-6.725648989589132,-6.709181377491027
6403,8.765172004699707,0.0,-6.761637687344039,-6.7451178338461695
6412,8.152256965637207,0.0,-6.794161792509239,-6.777574800418477
6422,7.9176249504089355,0.0,-6.830488924642197,-6.813807313798955
6433,7.797914981842041,0.0,-6.870692232275649,-6.853888890288808
6444,7.95832633972168,0.0,-6.911119592421994,-6.894204224178707
6452,8.362946510314941,0.0,-6.940613920315403,-6.9236522463604455
6463,8.96389102935791,0.0,-6.981271000354289,-6.964258136806607
6473,9.184157371520996,0.0,-7.018294566470669,-7.001250410791563
6483,9.404424667358398,0.0,-7.055358690120313,-7.038294255674575
6493,9.217676162719727,0.0,-7.092482046153685,-7.075387995516084
6503,8.920795440673828,0.0,-7.129694322642989,-7.112555811777422
6513,8.530540466308594,0.0,-7.167034545085663,-7.149832061243411
6523,8.327033042907715,0.0,-7.2045230642240465,-7.187246432033939
6532,8.133103370666504,0.0,-7.238398560075567,-7.221054013571972
6542,8.166622161865234,0.0,-7.276202337694404,-7.258775622298901
6553,8.300697326660156,0.0,-7.317969118698598,-7.300451090491358
6563,8.489839553833008,0.0,-7.356070935656119,-7.338486899426571
6573,8.619126319885254,0.0,-7.394291839981651,-7.376648260068097
6584,8.705317497253418,0.0,-7.436468501322569,-7.418758088117598
6594,8.544905662536621,0.0,-7.47493743015715,-7.4571637622353055
6604,8.415618896484375,0.0,-7.513545797102082,-7.495702410125062
6615,8.418013572692871,0.0,-7.556183431099211,-7.53825582894334
6624,8.497021675109863,0.0,-7.59117511925027,-7.573194341472241
6633,8.832210540771484,0.0,-7.626246008347526,-7.608225630096398
6644,9.308655738830566,0.0,-7.6691710910108855,-7.651120381431956
6654,9.947908401489258,0.0,-7.708180102591972,-7.690136288433117
6664,10.055646896362305,0.0,-7.747164549483422,-7.729133017669385
6673,9.813833236694336,0.0,-7.782250241193555,-7.764218864625604
6684,9.20091724395752,0.0,-7.8252064522971985,-7.807138226222507
6694,8.734047889709473,0.0,-7.86436514851154,-7.846243124831333
6704,8.506598472595215,0.0,-7.903654184878622,-7.885466991122045
6714,8.549694061279297,0.0,-7.943069251839576,-7.924819042786063
6723,8.698134422302246,0.0,-7.978632873216228,-7.960337633606818
6734,8.865729331970215,0.0,-8.022213778316301,-8.003861410331474
6745,9.047688484191895,0.0,-8.065886923109787,-8.047488435278254
6755,9.016563415527344,0.0,-8.105669125671403,-8.087230966010647
6764,8.662221908569336,0.0,-8.141566078002263,-8.123081433328805
6774,8.465897560119629,0.0,-8.181585990836096,-8.163034141040644
6786,8.281543731689453,0.0,-8.229829983939332,-8.211168085292561
6795,8.109161376953125,0.0,-8.266150746695226,-8.247419964084223
6805,8.037335395812988,0.0,-8.306684416217749,-8.287865000376536
6815,8.018181800842285,0.0,-8.347397267560188,-8.328488260809017
6825,8.04691219329834,0.0,-8.388286427683298,-8.369289266541792
6835,8.346187591552734,0.0,-8.429321969047251,-8.410251617285324
6875,8.542511940002441,0.0,-8.595492115399063,-8.575407773189138
6936,7.0317702293396,0.0,-8.859239381562203,-8.833986142863964
6985,8.406042098999023,0.0,-9.07447284254798,-9.047534152389588
6988,8.396465301513672,0.0,-9.08766312319613,-9.060718072131595
7000,7.987056732177734,0.0,-9.140686749619297,-9.113610446639479
7009,7.671022415161133,0.0,-9.180627726621044,-9.15346479504904
7019,7.225700855255127,0.0,-9.225265019870793,-9.197972873341552
7029,7.194576263427734,0.0,-9.2701638554942,-9.24274093777813
7038,7.3669586181640625,0.0,-9.310770693907195,-9.28324883301516
7049,7.750030994415283,0.0,-9.36065053043942,-9.333004041422546
7059,8.159439086914062,0.0,-9.406160892469115,-9.378431875406587
7069,8.29830265045166,0.0,-9.451822424233765,-9.42401782230376
7079,8.312667846679688,0.0,-9.497633689213746,-9.469754220676075
